USE [master]GO/****** Object:  Database [AMORWEB]    Script Date: 04/17/2017 09:09:39 ******/CREATE DATABASE [AMORWEB] ON  PRIMARY( NAME = N'AMORWEB', FILENAME = N'C:\Program Files\Microsoft SQL Server\MSSQL10_50.MSSQLSERVER\MSSQL\DATA\AMORWEB.mdf' , SIZE = 2048KB , MAXSIZE = UNLIMITED, FILEGROWTH = 1024KB ) LOG ON( NAME = N'AMORWEB_log', FILENAME = N'C:\Program Files\Microsoft SQL Server\MSSQL10_50.MSSQLSERVER\MSSQL\DATA\AMORWEB_log.ldf' , SIZE = 1024KB , MAXSIZE = 2048GB , FILEGROWTH = 10%)GOALTER DATABASE [AMORWEB] SET COMPATIBILITY_LEVEL = 100GOIF (1 = FULLTEXTSERVICEPROPERTY('IsFullTextInstalled'))beginEXEC [AMORWEB].[dbo].[sp_fulltext_database] @action = 'enable'endGOALTER DATABASE [AMORWEB] SET ANSI_NULL_DEFAULT OFFGOALTER DATABASE [AMORWEB] SET ANSI_NULLS OFFGOALTER DATABASE [AMORWEB] SET ANSI_PADDING OFFGOALTER DATABASE [AMORWEB] SET ANSI_WARNINGS OFFGOALTER DATABASE [AMORWEB] SET ARITHABORT OFFGOALTER DATABASE [AMORWEB] SET AUTO_CLOSE OFFGOALTER DATABASE [AMORWEB] SET AUTO_CREATE_STATISTICS ONGOALTER DATABASE [AMORWEB] SET AUTO_SHRINK OFFGOALTER DATABASE [AMORWEB] SET AUTO_UPDATE_STATISTICS ONGOALTER DATABASE [AMORWEB] SET CURSOR_CLOSE_ON_COMMIT OFFGOALTER DATABASE [AMORWEB] SET CURSOR_DEFAULT  GLOBALGOALTER DATABASE [AMORWEB] SET CONCAT_NULL_YIELDS_NULL OFFGOALTER DATABASE [AMORWEB] SET NUMERIC_ROUNDABORT OFFGOALTER DATABASE [AMORWEB] SET QUOTED_IDENTIFIER OFFGOALTER DATABASE [AMORWEB] SET RECURSIVE_TRIGGERS OFFGOALTER DATABASE [AMORWEB] SET  DISABLE_BROKERGOALTER DATABASE [AMORWEB] SET AUTO_UPDATE_STATISTICS_ASYNC OFFGOALTER DATABASE [AMORWEB] SET DATE_CORRELATION_OPTIMIZATION OFFGOALTER DATABASE [AMORWEB] SET TRUSTWORTHY OFFGOALTER DATABASE [AMORWEB] SET ALLOW_SNAPSHOT_ISOLATION OFFGOALTER DATABASE [AMORWEB] SET PARAMETERIZATION SIMPLEGOALTER DATABASE [AMORWEB] SET READ_COMMITTED_SNAPSHOT OFFGOALTER DATABASE [AMORWEB] SET HONOR_BROKER_PRIORITY OFFGOALTER DATABASE [AMORWEB] SET  READ_WRITEGOALTER DATABASE [AMORWEB] SET RECOVERY FULLGOALTER DATABASE [AMORWEB] SET  MULTI_USERGOALTER DATABASE [AMORWEB] SET PAGE_VERIFY CHECKSUMGOALTER DATABASE [AMORWEB] SET DB_CHAINING OFFGOEXEC sys.sp_db_vardecimal_storage_format N'AMORWEB', N'ON'GOUSE [AMORWEB]GO/****** Object:  Table [dbo].[users]    Script Date: 04/17/2017 09:09:41 ******/SET ANSI_NULLS ONGOSET QUOTED_IDENTIFIER ONGOCREATE TABLE [dbo].[users](	[id] [int] IDENTITY(1,1) NOT NULL,	[userGroupId] [int] NOT NULL,	[name] [nvarchar](255) NOT NULL,	[email] [nvarchar](255) NOT NULL,	[password] [nvarchar](255) NOT NULL,	[remember_token] [nvarchar](100) NULL,	[created_at] [datetime] NULL,	[updated_at] [datetime] NULL,PRIMARY KEY CLUSTERED(	[id] ASC)WITH (PAD_INDEX  = OFF, STATISTICS_NORECOMPUTE  = OFF, IGNORE_DUP_KEY = OFF, ALLOW_ROW_LOCKS  = ON, ALLOW_PAGE_LOCKS  = ON) ON [PRIMARY]) ON [PRIMARY]GOCREATE UNIQUE NONCLUSTERED INDEX [users_email_unique] ON [dbo].[users](	[email] ASC)WITH (PAD_INDEX  = OFF, STATISTICS_NORECOMPUTE  = OFF, SORT_IN_TEMPDB = OFF, IGNORE_DUP_KEY = OFF, DROP_EXISTING = OFF, ONLINE = OFF, ALLOW_ROW_LOCKS  = ON, ALLOW_PAGE_LOCKS  = ON) ON [PRIMARY]GOSET IDENTITY_INSERT [dbo].[users] ONINSERT [dbo].[users] ([id], [userGroupId], [name], [email], [password], [remember_token], [created_at], [updated_at]) VALUES (13, 1, N'Yoseph', N'fernandoyoseph6@gmail.com', N'$2a$06$fpPoeQegBGgBWk4zllotJOA7gbWHWx1vuR4nof2/AF46njLpQ.vh.', NULL, NULL, NULL)SET IDENTITY_INSERT [dbo].[users] OFF/****** Object:  Table [dbo].[userGroup]    Script Date: 04/17/2017 09:09:41 ******/SET ANSI_NULLS ONGOSET QUOTED_IDENTIFIER ONGOCREATE TABLE [dbo].[userGroup](	[userGroupId] [int] IDENTITY(1,1) NOT NULL,	[groupName] [nvarchar](255) NOT NULL,	[created_at] [datetime] NULL,	[updated_at] [datetime] NULL,PRIMARY KEY CLUSTERED(	[userGroupId] ASC)WITH (PAD_INDEX  = OFF, STATISTICS_NORECOMPUTE  = OFF, IGNORE_DUP_KEY = OFF, ALLOW_ROW_LOCKS  = ON, ALLOW_PAGE_LOCKS  = ON) ON [PRIMARY]) ON [PRIMARY]GOCREATE UNIQUE NONCLUSTERED INDEX [usergroup_groupname_unique] ON [dbo].[userGroup](	[groupName] ASC)WITH (PAD_INDEX  = OFF, STATISTICS_NORECOMPUTE  = OFF, SORT_IN_TEMPDB = OFF, IGNORE_DUP_KEY = OFF, DROP_EXISTING = OFF, ONLINE = OFF, ALLOW_ROW_LOCKS  = ON, ALLOW_PAGE_LOCKS  = ON) ON [PRIMARY]GOSET IDENTITY_INSERT [dbo].[userGroup] ONINSERT [dbo].[userGroup] ([userGroupId], [groupName], [created_at], [updated_at]) VALUES (1, N'superadmin', NULL, NULL)SET IDENTITY_INSERT [dbo].[userGroup] OFF/****** Object:  Table [dbo].[permissions]    Script Date: 04/17/2017 09:09:41 ******/SET ANSI_NULLS ONGOSET QUOTED_IDENTIFIER ONGOCREATE TABLE [dbo].[permissions](	[permissionId] [int] IDENTITY(1,1) NOT NULL,	[userGroupId] [int] NOT NULL,	[moduleId] [int] NULL,	[canAdd] [smallint] NOT NULL,	[canEdit] [smallint] NOT NULL,	[canDelete] [smallint] NOT NULL,	[created_at] [datetime] NULL,	[updated_at] [datetime] NULL,	[canView] [tinyint] NULL,PRIMARY KEY CLUSTERED(	[permissionId] ASC)WITH (PAD_INDEX  = OFF, STATISTICS_NORECOMPUTE  = OFF, IGNORE_DUP_KEY = OFF, ALLOW_ROW_LOCKS  = ON, ALLOW_PAGE_LOCKS  = ON) ON [PRIMARY]) ON [PRIMARY]GOSET IDENTITY_INSERT [dbo].[permissions] ONINSERT [dbo].[permissions] ([permissionId], [userGroupId], [moduleId], [canAdd], [canEdit], [canDelete], [created_at], [updated_at], [canView]) VALUES (1, 1, 10, 1, 1, 1, NULL, CAST(0x0000A754002A696C AS DateTime), 1)INSERT [dbo].[permissions] ([permissionId], [userGroupId], [moduleId], [canAdd], [canEdit], [canDelete], [created_at], [updated_at], [canView]) VALUES (2, 1, 11, 1, 1, 1, NULL, CAST(0x0000A754002A9144 AS DateTime), 1)INSERT [dbo].[permissions] ([permissionId], [userGroupId], [moduleId], [canAdd], [canEdit], [canDelete], [created_at], [updated_at], [canView]) VALUES (3, 1, 12, 1, 1, 1, NULL, NULL, 1)INSERT [dbo].[permissions] ([permissionId], [userGroupId], [moduleId], [canAdd], [canEdit], [canDelete], [created_at], [updated_at], [canView]) VALUES (4, 1, 13, 1, 1, 1, NULL, CAST(0x0000A754005CCD6C AS DateTime), 1)INSERT [dbo].[permissions] ([permissionId], [userGroupId], [moduleId], [canAdd], [canEdit], [canDelete], [created_at], [updated_at], [canView]) VALUES (5, 1, 14, 1, 1, 1, NULL, NULL, 1)INSERT [dbo].[permissions] ([permissionId], [userGroupId], [moduleId], [canAdd], [canEdit], [canDelete], [created_at], [updated_at], [canView]) VALUES (6, 1, 15, 0, 1, 0, NULL, NULL, 1)INSERT [dbo].[permissions] ([permissionId], [userGroupId], [moduleId], [canAdd], [canEdit], [canDelete], [created_at], [updated_at], [canView]) VALUES (7, 1, 16, 0, 0, 1, NULL, NULL, 0)INSERT [dbo].[permissions] ([permissionId], [userGroupId], [moduleId], [canAdd], [canEdit], [canDelete], [created_at], [updated_at], [canView]) VALUES (8, 1, 17, 1, 0, 0, NULL, NULL, 1)INSERT [dbo].[permissions] ([permissionId], [userGroupId], [moduleId], [canAdd], [canEdit], [canDelete], [created_at], [updated_at], [canView]) VALUES (10, 1, 18, 0, 0, 1, NULL, NULL, 0)INSERT [dbo].[permissions] ([permissionId], [userGroupId], [moduleId], [canAdd], [canEdit], [canDelete], [created_at], [updated_at], [canView]) VALUES (11, 1, 19, 0, 0, 0, NULL, NULL, 1)INSERT [dbo].[permissions] ([permissionId], [userGroupId], [moduleId], [canAdd], [canEdit], [canDelete], [created_at], [updated_at], [canView]) VALUES (12, 1, 20, 1, 0, 0, NULL, NULL, 0)INSERT [dbo].[permissions] ([permissionId], [userGroupId], [moduleId], [canAdd], [canEdit], [canDelete], [created_at], [updated_at], [canView]) VALUES (15, 1, 21, 0, 1, 0, NULL, NULL, 1)INSERT [dbo].[permissions] ([permissionId], [userGroupId], [moduleId], [canAdd], [canEdit], [canDelete], [created_at], [updated_at], [canView]) VALUES (16, 1, 22, 0, 0, 0, NULL, NULL, 1)INSERT [dbo].[permissions] ([permissionId], [userGroupId], [moduleId], [canAdd], [canEdit], [canDelete], [created_at], [updated_at], [canView]) VALUES (17, 1, 23, 1, 0, 0, NULL, NULL, 1)INSERT [dbo].[permissions] ([permissionId], [userGroupId], [moduleId], [canAdd], [canEdit], [canDelete], [created_at], [updated_at], [canView]) VALUES (20, 1, 24, 0, 0, 1, NULL, NULL, 1)INSERT [dbo].[permissions] ([permissionId], [userGroupId], [moduleId], [canAdd], [canEdit], [canDelete], [created_at], [updated_at], [canView]) VALUES (36, 1, 25, 0, 1, 0, CAST(0x0000A75400260EF8 AS DateTime), CAST(0x0000A7540027EAC0 AS DateTime), 0)INSERT [dbo].[permissions] ([permissionId], [userGroupId], [moduleId], [canAdd], [canEdit], [canDelete], [created_at], [updated_at], [canView]) VALUES (37, 1, 26, 0, 0, 1, CAST(0x0000A754002F66C4 AS DateTime), CAST(0x0000A754002F66C4 AS DateTime), 0)INSERT [dbo].[permissions] ([permissionId], [userGroupId], [moduleId], [canAdd], [canEdit], [canDelete], [created_at], [updated_at], [canView]) VALUES (38, 1, 27, 0, 0, 1, CAST(0x0000A75400398370 AS DateTime), CAST(0x0000A75400435648 AS DateTime), 0)INSERT [dbo].[permissions] ([permissionId], [userGroupId], [moduleId], [canAdd], [canEdit], [canDelete], [created_at], [updated_at], [canView]) VALUES (39, 1, 28, 1, 0, 0, CAST(0x0000A754007070C4 AS DateTime), CAST(0x0000A754007070C4 AS DateTime), 0)INSERT [dbo].[permissions] ([permissionId], [userGroupId], [moduleId], [canAdd], [canEdit], [canDelete], [created_at], [updated_at], [canView]) VALUES (40, 1, 31, 1, 0, 0, CAST(0x0000A7540075BA48 AS DateTime), CAST(0x0000A7540075BA48 AS DateTime), 0)INSERT [dbo].[permissions] ([permissionId], [userGroupId], [moduleId], [canAdd], [canEdit], [canDelete], [created_at], [updated_at], [canView]) VALUES (42, 1, 35, 0, 0, 1, CAST(0x0000A754007763AC AS DateTime), CAST(0x0000A754007763AC AS DateTime), 0)INSERT [dbo].[permissions] ([permissionId], [userGroupId], [moduleId], [canAdd], [canEdit], [canDelete], [created_at], [updated_at], [canView]) VALUES (43, 1, 36, 0, 0, 1, CAST(0x0000A754007956E4 AS DateTime), CAST(0x0000A754007956E4 AS DateTime), 0)INSERT [dbo].[permissions] ([permissionId], [userGroupId], [moduleId], [canAdd], [canEdit], [canDelete], [created_at], [updated_at], [canView]) VALUES (44, 1, 38, 0, 1, 0, CAST(0x0000A754008A9300 AS DateTime), CAST(0x0000A754008A9300 AS DateTime), 0)SET IDENTITY_INSERT [dbo].[permissions] OFF/****** Object:  Table [dbo].[password_resets]    Script Date: 04/17/2017 09:09:41 ******/SET ANSI_NULLS ONGOSET QUOTED_IDENTIFIER ONGOCREATE TABLE [dbo].[password_resets](	[email] [nvarchar](255) NOT NULL,	[token] [nvarchar](255) NOT NULL,	[created_at] [datetime] NULL) ON [PRIMARY]GOCREATE NONCLUSTERED INDEX [password_resets_email_index] ON [dbo].[password_resets](	[email] ASC)WITH (PAD_INDEX  = OFF, STATISTICS_NORECOMPUTE  = OFF, SORT_IN_TEMPDB = OFF, IGNORE_DUP_KEY = OFF, DROP_EXISTING = OFF, ONLINE = OFF, ALLOW_ROW_LOCKS  = ON, ALLOW_PAGE_LOCKS  = ON) ON [PRIMARY]GOCREATE NONCLUSTERED INDEX [password_resets_token_index] ON [dbo].[password_resets](	[token] ASC)WITH (PAD_INDEX  = OFF, STATISTICS_NORECOMPUTE  = OFF, SORT_IN_TEMPDB = OFF, IGNORE_DUP_KEY = OFF, DROP_EXISTING = OFF, ONLINE = OFF, ALLOW_ROW_LOCKS  = ON, ALLOW_PAGE_LOCKS  = ON) ON [PRIMARY]GO/****** Object:  Table [dbo].[modules]    Script Date: 04/17/2017 09:09:41 ******/SET ANSI_NULLS ONGOSET QUOTED_IDENTIFIER ONGOSET ANSI_PADDING ONGOCREATE TABLE [dbo].[modules](	[moduleId] [int] IDENTITY(1,1) NOT NULL,	[moduleName] [nvarchar](255) NOT NULL,	[moduleView] [varchar](255) NULL,	[moduleMethod] [varchar](50) NULL,	[moduleLink] [varchar](50) NULL,	[moduleParams] [varchar](50) NULL,	[created_at] [datetime] NULL,	[updated_at] [datetime] NULL,	[moduleLabel] [varchar](255) NULL,	[moduleParent] [varchar](255) NULL,	[moduleShowInSidebar] [tinyint] NULL,	[moduleHttpMethod] [varchar](5) NULL,PRIMARY KEY CLUSTERED(	[moduleId] ASC)WITH (PAD_INDEX  = OFF, STATISTICS_NORECOMPUTE  = OFF, IGNORE_DUP_KEY = OFF, ALLOW_ROW_LOCKS  = ON, ALLOW_PAGE_LOCKS  = ON) ON [PRIMARY]) ON [PRIMARY]GOSET ANSI_PADDING OFFGOSET IDENTITY_INSERT [dbo].[modules] ONINSERT [dbo].[modules] ([moduleId], [moduleName], [moduleView], [moduleMethod], [moduleLink], [moduleParams], [created_at], [updated_at], [moduleLabel], [moduleParent], [moduleShowInSidebar], [moduleHttpMethod]) VALUES (10, N'userManagement', NULL, NULL, NULL, NULL, NULL, NULL, N'User management', NULL, 1, N'get')INSERT [dbo].[modules] ([moduleId], [moduleName], [moduleView], [moduleMethod], [moduleLink], [moduleParams], [created_at], [updated_at], [moduleLabel], [moduleParent], [moduleShowInSidebar], [moduleHttpMethod]) VALUES (11, N'userManagement', N'user', N'listUser', N'/user', NULL, NULL, NULL, N'User(s)', N'userManagement', 1, N'get')INSERT [dbo].[modules] ([moduleId], [moduleName], [moduleView], [moduleMethod], [moduleLink], [moduleParams], [created_at], [updated_at], [moduleLabel], [moduleParent], [moduleShowInSidebar], [moduleHttpMethod]) VALUES (12, N'userManagement', N'userGroup', N'listUserGroup', N'/user-group', NULL, NULL, NULL, N'User group(s)', N'userManagement', 1, N'get')INSERT [dbo].[modules] ([moduleId], [moduleName], [moduleView], [moduleMethod], [moduleLink], [moduleParams], [created_at], [updated_at], [moduleLabel], [moduleParent], [moduleShowInSidebar], [moduleHttpMethod]) VALUES (13, N'userManagement', N'modules', N'listModulesWeb', N'/modules', NULL, NULL, NULL, N'Module(s)', N'userManagement', 1, N'get')INSERT [dbo].[modules] ([moduleId], [moduleName], [moduleView], [moduleMethod], [moduleLink], [moduleParams], [created_at], [updated_at], [moduleLabel], [moduleParent], [moduleShowInSidebar], [moduleHttpMethod]) VALUES (14, N'userManagement', N'add-user', N'addUser', N'/user-add', NULL, NULL, NULL, NULL, N'userManagement', NULL, N'post')INSERT [dbo].[modules] ([moduleId], [moduleName], [moduleView], [moduleMethod], [moduleLink], [moduleParams], [created_at], [updated_at], [moduleLabel], [moduleParent], [moduleShowInSidebar], [moduleHttpMethod]) VALUES (15, N'userManagement', N'edit-user', N'editUser', N'/user-edit', NULL, NULL, NULL, NULL, N'userManagement', NULL, N'post')INSERT [dbo].[modules] ([moduleId], [moduleName], [moduleView], [moduleMethod], [moduleLink], [moduleParams], [created_at], [updated_at], [moduleLabel], [moduleParent], [moduleShowInSidebar], [moduleHttpMethod]) VALUES (16, N'userManagement', N'delete-user', N'deleteUser', N'/user-delete', NULL, NULL, NULL, NULL, N'userManagement', NULL, N'post')INSERT [dbo].[modules] ([moduleId], [moduleName], [moduleView], [moduleMethod], [moduleLink], [moduleParams], [created_at], [updated_at], [moduleLabel], [moduleParent], [moduleShowInSidebar], [moduleHttpMethod]) VALUES (17, N'userManagement', N'add-group', N'addGroup', N'group-add', NULL, NULL, NULL, NULL, N'userManagement', NULL, N'post')INSERT [dbo].[modules] ([moduleId], [moduleName], [moduleView], [moduleMethod], [moduleLink], [moduleParams], [created_at], [updated_at], [moduleLabel], [moduleParent], [moduleShowInSidebar], [moduleHttpMethod]) VALUES (18, N'userManagement', N'delete-group', N'deleteGroup', N'group-delete', NULL, NULL, NULL, NULL, N'userManagement', NULL, N'post')INSERT [dbo].[modules] ([moduleId], [moduleName], [moduleView], [moduleMethod], [moduleLink], [moduleParams], [created_at], [updated_at], [moduleLabel], [moduleParent], [moduleShowInSidebar], [moduleHttpMethod]) VALUES (20, N'userManagement', N'add-permission', N'addPermission', N'/user-permission-add', NULL, NULL, NULL, NULL, N'userManagement', NULL, N'post')INSERT [dbo].[modules] ([moduleId], [moduleName], [moduleView], [moduleMethod], [moduleLink], [moduleParams], [created_at], [updated_at], [moduleLabel], [moduleParent], [moduleShowInSidebar], [moduleHttpMethod]) VALUES (21, N'userManagement', N'edit-group', N'editGroup', N'/group-edit', NULL, NULL, NULL, NULL, N'userManagement', NULL, N'post')INSERT [dbo].[modules] ([moduleId], [moduleName], [moduleView], [moduleMethod], [moduleLink], [moduleParams], [created_at], [updated_at], [moduleLabel], [moduleParent], [moduleShowInSidebar], [moduleHttpMethod]) VALUES (22, N'userManagement', N'addPermission', N'addPermission', N'/permission-add', N'/{groupId}', NULL, NULL, N'add permission', N'userManagement', NULL, N'get')INSERT [dbo].[modules] ([moduleId], [moduleName], [moduleView], [moduleMethod], [moduleLink], [moduleParams], [created_at], [updated_at], [moduleLabel], [moduleParent], [moduleShowInSidebar], [moduleHttpMethod]) VALUES (23, N'userManagement', N'addPermissionAction', N'addPermissionAction', N'/permission-add-action', NULL, NULL, NULL, NULL, N'userManagement', NULL, N'post')INSERT [dbo].[modules] ([moduleId], [moduleName], [moduleView], [moduleMethod], [moduleLink], [moduleParams], [created_at], [updated_at], [moduleLabel], [moduleParent], [moduleShowInSidebar], [moduleHttpMethod]) VALUES (24, N'userManagement', N'deletePermissionAction', N'deletePermissionAction', N'/permission-delete-action', NULL, NULL, NULL, NULL, N'userManagement', NULL, N'post')INSERT [dbo].[modules] ([moduleId], [moduleName], [moduleView], [moduleMethod], [moduleLink], [moduleParams], [created_at], [updated_at], [moduleLabel], [moduleParent], [moduleShowInSidebar], [moduleHttpMethod]) VALUES (25, N'userManagement', N'updatePermission', N'updatePermission', N'/update-permission', NULL, NULL, NULL, NULL, N'userManagement', NULL, N'post')INSERT [dbo].[modules] ([moduleId], [moduleName], [moduleView], [moduleMethod], [moduleLink], [moduleParams], [created_at], [updated_at], [moduleLabel], [moduleParent], [moduleShowInSidebar], [moduleHttpMethod]) VALUES (26, N'userManagement', N'deleteBulkUser', N'deleteBulkUser', N'/delete-bulk-user', NULL, NULL, NULL, NULL, N'userManagement', NULL, N'post')INSERT [dbo].[modules] ([moduleId], [moduleName], [moduleView], [moduleMethod], [moduleLink], [moduleParams], [created_at], [updated_at], [moduleLabel], [moduleParent], [moduleShowInSidebar], [moduleHttpMethod]) VALUES (27, N'userManagement', N'deleteBulkUserGroup', N'deleteBulkUserGroup', N'/delete-bulk-user-group', NULL, NULL, NULL, NULL, N'userManagement', NULL, N'post')INSERT [dbo].[modules] ([moduleId], [moduleName], [moduleView], [moduleMethod], [moduleLink], [moduleParams], [created_at], [updated_at], [moduleLabel], [moduleParent], [moduleShowInSidebar], [moduleHttpMethod]) VALUES (31, N'userManagement', N'addModule', N'addModule', N'/add-module', NULL, NULL, NULL, NULL, N'userManagement', NULL, N'post')INSERT [dbo].[modules] ([moduleId], [moduleName], [moduleView], [moduleMethod], [moduleLink], [moduleParams], [created_at], [updated_at], [moduleLabel], [moduleParent], [moduleShowInSidebar], [moduleHttpMethod]) VALUES (35, N'userManagement', N'moduleDelete', N'moduleDelete', N'/delete-module', NULL, CAST(0x0000A75400774B10 AS DateTime), CAST(0x0000A75400774B10 AS DateTime), NULL, N'userManagement', 0, N'post')INSERT [dbo].[modules] ([moduleId], [moduleName], [moduleView], [moduleMethod], [moduleLink], [moduleParams], [created_at], [updated_at], [moduleLabel], [moduleParent], [moduleShowInSidebar], [moduleHttpMethod]) VALUES (36, N'userManagement', N'moduleDeleteBulk', N'moduleDeleteBulk', N'/module-delete-bulk', NULL, CAST(0x0000A754007941CC AS DateTime), CAST(0x0000A754007941CC AS DateTime), NULL, N'userManagement', 0, N'post')INSERT [dbo].[modules] ([moduleId], [moduleName], [moduleView], [moduleMethod], [moduleLink], [moduleParams], [created_at], [updated_at], [moduleLabel], [moduleParent], [moduleShowInSidebar], [moduleHttpMethod]) VALUES (38, N'userManagement', N'editModule', N'editModule', N'/edit-module', NULL, CAST(0x0000A754008A7230 AS DateTime), CAST(0x0000A754008AF318 AS DateTime), NULL, N'userManagement', NULL, N'post')SET IDENTITY_INSERT [dbo].[modules] OFF/****** Object:  Table [dbo].[migrations]    Script Date: 04/17/2017 09:09:41 ******/SET ANSI_NULLS ONGOSET QUOTED_IDENTIFIER ONGOCREATE TABLE [dbo].[migrations](	[id] [int] IDENTITY(1,1) NOT NULL,	[migration] [nvarchar](255) NOT NULL,	[batch] [int] NOT NULL,PRIMARY KEY CLUSTERED(	[id] ASC)WITH (PAD_INDEX  = OFF, STATISTICS_NORECOMPUTE  = OFF, IGNORE_DUP_KEY = OFF, ALLOW_ROW_LOCKS  = ON, ALLOW_PAGE_LOCKS  = ON) ON [PRIMARY]) ON [PRIMARY]GOSET IDENTITY_INSERT [dbo].[migrations] ONINSERT [dbo].[migrations] ([id], [migration], [batch]) VALUES (1, N'2014_10_12_000000_create_module_table', 1)INSERT [dbo].[migrations] ([id], [migration], [batch]) VALUES (2, N'2014_10_12_000000_create_permission_table', 1)INSERT [dbo].[migrations] ([id], [migration], [batch]) VALUES (3, N'2014_10_12_000000_create_user_group_table', 1)INSERT [dbo].[migrations] ([id], [migration], [batch]) VALUES (4, N'2014_10_12_000000_create_users_table', 1)INSERT [dbo].[migrations] ([id], [migration], [batch]) VALUES (5, N'2014_10_12_100000_create_password_resets_table', 1)SET IDENTITY_INSERT [dbo].[migrations] OFF